Position	Referenzbase	Alternative	Antibiotikum
6575	C	T	fluoroquinolones (FQ)
6620	G	C	fluoroquinolones (FQ)
6620	G	A	fluoroquinolones (FQ)
6621	A	C	fluoroquinolones (FQ)
6734	A	G	fluoroquinolones (FQ)
6735	A	C	fluoroquinolones (FQ)
6736	C	G	fluoroquinolones (FQ)
6737	A	C	fluoroquinolones (FQ)
6738	C	A	fluoroquinolones (FQ)
6741	A	T	fluoroquinolones (FQ)
6742	A	T	fluoroquinolones (FQ)
6749	G	A	fluoroquinolones (FQ)
6750	C	T	fluoroquinolones (FQ)
7563	G	T	fluoroquinolones (FQ)
7564	G	C	fluoroquinolones (FQ)
7566	G	A	fluoroquinolones (FQ)
7570	C	T	fluoroquinolones (FQ)
7572	T	C	fluoroquinolones (FQ)
7581	G	C	fluoroquinolones (FQ)
7581	G	A	fluoroquinolones (FQ)
7581	G	T	fluoroquinolones (FQ)
7582	A	G	fluoroquinolones (FQ)
7582	A	C	fluoroquinolones (FQ)
7582	A	T	fluoroquinolones (FQ)
575729	C	T	ethionamide (ETH)
576164	C	T	ethionamide (ETH)
576242	G	T	ethionamide (ETH)
576338	C	T	ethionamide (ETH)
576414	G	A	ethionamide (ETH)
576429	A	C	ethionamide (ETH)
760314	G	T	rifampicin (RMP)
761004	A	G	rifampicin (RMP)
761093	G	C	rifampicin (RMP)
761095	T	C	rifampicin (RMP)
761095	T	G	rifampicin (RMP)
761098	G	T	rifampicin (RMP)
761098	G	C	rifampicin (RMP)
761100	C	A	rifampicin (RMP)
761101	A	C	rifampicin (RMP)
761101	A	T	rifampicin (RMP)
761108	G	T	rifampicin (RMP)
761109	G	T	rifampicin (RMP)
761110	A	G	rifampicin (RMP)
761110	A	T	rifampicin (RMP)
761111	C	G	rifampicin (RMP)
761120	C	G	rifampicin (RMP)
761128	C	T	rifampicin (RMP)
761128	C	G	rifampicin (RMP)
761139	C	A	rifampicin (RMP)
761139	C	G	rifampicin (RMP)
761139	C	T	rifampicin (RMP)
761140	A	C	rifampicin (RMP)
761140	A	G	rifampicin (RMP)
761140	A	T	rifampicin (RMP)
761141	C	A	rifampicin (RMP)
761154	T	G	rifampicin (RMP)
761155	C	G	rifampicin (RMP)
761155	C	T	rifampicin (RMP)
761161	T	C	rifampicin (RMP)
761277	A	T	rifampicin (RMP)
781687	A	G	streptomycin (SM)
781821	A	C	streptomycin (SM)
781822	A	G	streptomycin (SM)
801268	T	C	linezolid (LZD)
1472337	C	T	streptomycin (SM)
1472358	C	T	streptomycin (SM)
1472359	A	C	streptomycin (SM)
1472362	C	T	streptomycin (SM)
1472750	C	A	streptomycin (SM)
1472751	A	G	streptomycin (SM)
1472752	A	T	streptomycin (SM)
1473246	A	G	amikacin (AMK) kanamycin (KAN) capreomycin (CPR)
1473247	C	T	amikacin (AMK) kanamycin (KAN) capreomycin (CPR)
1473329	G	T	amikacin (AMK) kanamycin (KAN) capreomycin (CPR)
1475956	G	T	linezolid (LZD)
1476471	G	T	linezolid (LZD)
1673423	G	T	isoniazid (INH)
1673424	A	G	isoniazid (INH)
1673425	C	T	isoniazid (INH)
1673432	T	A	isoniazid (INH)
1673432	T	C	isoniazid (INH)
1674481	T	G	isoniazid (INH) ethionamide (ETH)
1674782	T	C	isoniazid (INH) ethionamide (ETH)
1833909	A	C	pyrazinamide (PZA)
1834325	G	A	pyrazinamide (PZA)
1917946	C	T	capreomycin (CPR)
1917979	C	T	capreomycin (CPR)
1917991	C	T	capreomycin (CPR)
1918003	C	T	capreomycin (CPR)
1918139	C	A	capreomycin (CPR)
1918144	A	G	capreomycin (CPR)
1918211	C	A	capreomycin (CPR)
1918292	T	C	capreomycin (CPR)
1918322	T	A	capreomycin (CPR)
1918388	T	C	capreomycin (CPR)
1918487	C	T	capreomycin (CPR)
1918489	C	A	capreomycin (CPR)
1918489	C	T	capreomycin (CPR)
1918494	T	G	capreomycin (CPR)
1918651	G	A	capreomycin (CPR)
2102240	C	T	isoniazid (INH) ethionamide (ETH)
2102715	T	C	isoniazid (INH) ethionamide (ETH)
2155167	G	C	isoniazid (INH)
2155167	G	T	isoniazid (INH)
2155168	C	G	isoniazid (INH)
2155168	C	T	isoniazid (INH)
2155168	C	A	isoniazid (INH)
2155169	T	C	isoniazid (INH)
2155206	G	C	isoniazid (INH)
2155212	C	G	isoniazid (INH)
2155214	A	C	isoniazid (INH)
2155222	C	A	isoniazid (INH)
2155289	T	G	isoniazid (INH)
2155699	T	C	isoniazid (INH)
2288683	A	G	pyrazinamide (PZA)
2288697	A	G	pyrazinamide (PZA)
2288703	A	G	pyrazinamide (PZA)
2288703	A	C	pyrazinamide (PZA)
2288704	C	A	pyrazinamide (PZA)
2288718	A	G	pyrazinamide (PZA)
2288719	T	C	pyrazinamide (PZA)
2288727	A	G	pyrazinamide (PZA)
2288730	G	A	pyrazinamide (PZA)
2288740	T	G	pyrazinamide (PZA)
2288752	A	G	pyrazinamide (PZA)
2288754	A	G	pyrazinamide (PZA)
2288757	C	T	pyrazinamide (PZA)
2288761	C	G	pyrazinamide (PZA)
2288764	T	G	pyrazinamide (PZA)
2288766	A	C	pyrazinamide (PZA)
2288772	A	G	pyrazinamide (PZA)
2288772	A	C	pyrazinamide (PZA)
2288778	A	C	pyrazinamide (PZA)
2288779	C	T	pyrazinamide (PZA)
2288782	T	C	pyrazinamide (PZA)
2288805	G	T	pyrazinamide (PZA)
2288805	G	A	pyrazinamide (PZA)
2288806	C	G	pyrazinamide (PZA)
2288806	C	T	pyrazinamide (PZA)
2288817	G	T	pyrazinamide (PZA)
2288817	G	A	pyrazinamide (PZA)
2288818	T	C	pyrazinamide (PZA)
2288820	T	G	pyrazinamide (PZA)
2288821	G	A	pyrazinamide (PZA)
2288823	C	G	pyrazinamide (PZA)
2288826	A	C	pyrazinamide (PZA)
2288827	C	G	pyrazinamide (PZA)
2288828	A	C	pyrazinamide (PZA)
2288830	A	G	pyrazinamide (PZA)
2288832	T	C	pyrazinamide (PZA)
2288832	T	G	pyrazinamide (PZA)
2288833	G	C	pyrazinamide (PZA)
2288836	C	T	pyrazinamide (PZA)
2288836	C	A	pyrazinamide (PZA)
2288838	G	T	pyrazinamide (PZA)
2288839	T	G	pyrazinamide (PZA)
2288841	G	A	pyrazinamide (PZA)
2288844	A	G	pyrazinamide (PZA)
2288847	C	G	pyrazinamide (PZA)
2288847	C	T	pyrazinamide (PZA)
2288848	C	A	pyrazinamide (PZA)
2288848	C	T	pyrazinamide (PZA)
2288853	A	G	pyrazinamide (PZA)
2288853	A	C	pyrazinamide (PZA)
2288857	C	A	pyrazinamide (PZA)
2288859	A	C	pyrazinamide (PZA)
2288868	A	C	pyrazinamide (PZA)
2288869	C	A	pyrazinamide (PZA)
2288874	C	G	pyrazinamide (PZA)
2288880	C	G	pyrazinamide (PZA)
2288883	A	C	pyrazinamide (PZA)
2288883	A	T	pyrazinamide (PZA)
2288883	A	G	pyrazinamide (PZA)
2288885	C	T	pyrazinamide (PZA)
2288886	C	G	pyrazinamide (PZA)
2288886	C	T	pyrazinamide (PZA)
2288887	A	G	pyrazinamide (PZA)
2288887	A	C	pyrazinamide (PZA)
2288895	A	C	pyrazinamide (PZA)
2288895	A	G	pyrazinamide (PZA)
2288902	T	G	pyrazinamide (PZA)
2288920	C	T	pyrazinamide (PZA)
2288920	C	G	pyrazinamide (PZA)
2288928	C	T	pyrazinamide (PZA)
2288930	G	T	pyrazinamide (PZA)
2288931	C	A	pyrazinamide (PZA)
2288933	G	C	pyrazinamide (PZA)
2288934	T	C	pyrazinamide (PZA)
2288934	T	G	pyrazinamide (PZA)
2288935	A	C	pyrazinamide (PZA)
2288938	C	T	pyrazinamide (PZA)
2288944	T	C	pyrazinamide (PZA)
2288944	T	G	pyrazinamide (PZA)
2288945	G	T	pyrazinamide (PZA)
2288952	C	G	pyrazinamide (PZA)
2288952	C	T	pyrazinamide (PZA)
2288953	C	T	pyrazinamide (PZA)
2288954	C	T	pyrazinamide (PZA)
2288955	T	C	pyrazinamide (PZA)
2288955	T	G	pyrazinamide (PZA)
2288956	T	G	pyrazinamide (PZA)
2288956	T	C	pyrazinamide (PZA)
2288957	G	C	pyrazinamide (PZA)
2288960	G	T	pyrazinamide (PZA)
2288960	G	C	pyrazinamide (PZA)
2288961	A	C	pyrazinamide (PZA)
2288961	A	G	pyrazinamide (PZA)
2288962	A	G	pyrazinamide (PZA)
2288971	C	A	pyrazinamide (PZA)
2288982	G	A	pyrazinamide (PZA)
2288988	A	C	pyrazinamide (PZA)
2288988	A	G	pyrazinamide (PZA)
2288997	T	C	pyrazinamide (PZA)
2288998	G	C	pyrazinamide (PZA)
2289000	A	C	pyrazinamide (PZA)
2289000	A	G	pyrazinamide (PZA)
2289001	A	C	pyrazinamide (PZA)
2289016	T	G	pyrazinamide (PZA)
2289028	A	G	pyrazinamide (PZA)
2289029	A	T	pyrazinamide (PZA)
2289030	T	C	pyrazinamide (PZA)
2289031	G	A	pyrazinamide (PZA)
2289036	G	A	pyrazinamide (PZA)
2289038	C	G	pyrazinamide (PZA)
2289038	C	A	pyrazinamide (PZA)
2289039	C	G	pyrazinamide (PZA)
2289039	C	T	pyrazinamide (PZA)
2289040	A	G	pyrazinamide (PZA)
2289040	A	C	pyrazinamide (PZA)
2289043	A	G	pyrazinamide (PZA)
2289050	A	C	pyrazinamide (PZA)
2289052	A	C	pyrazinamide (PZA)
2289054	T	C	pyrazinamide (PZA)
2289057	G	A	pyrazinamide (PZA)
2289061	T	G	pyrazinamide (PZA)
2289068	G	T	pyrazinamide (PZA)
2289068	G	C	pyrazinamide (PZA)
2289070	A	G	pyrazinamide (PZA)
2289071	G	C	pyrazinamide (PZA)
2289072	T	C	pyrazinamide (PZA)
2289072	T	G	pyrazinamide (PZA)
2289073	G	C	pyrazinamide (PZA)
2289073	G	A	pyrazinamide (PZA)
2289081	G	C	pyrazinamide (PZA)
2289081	G	T	pyrazinamide (PZA)
2289081	G	A	pyrazinamide (PZA)
2289082	G	A	pyrazinamide (PZA)
2289089	G	T	pyrazinamide (PZA)
2289090	T	C	pyrazinamide (PZA)
2289090	T	G	pyrazinamide (PZA)
2289091	G	A	pyrazinamide (PZA)
2289096	T	G	pyrazinamide (PZA)
2289096	T	C	pyrazinamide (PZA)
2289097	C	T	pyrazinamide (PZA)
2289100	T	C	pyrazinamide (PZA)
2289100	T	A	pyrazinamide (PZA)
2289103	T	C	pyrazinamide (PZA)
2289103	T	G	pyrazinamide (PZA)
2289108	A	C	pyrazinamide (PZA)
2289111	A	C	pyrazinamide (PZA)
2289133	C	A	pyrazinamide (PZA)
2289138	A	G	pyrazinamide (PZA)
2289140	G	C	pyrazinamide (PZA)
2289150	A	C	pyrazinamide (PZA)
2289159	G	T	pyrazinamide (PZA)
2289162	A	G	pyrazinamide (PZA)
2289171	C	T	pyrazinamide (PZA)
2289180	A	C	pyrazinamide (PZA)
2289186	A	G	pyrazinamide (PZA)
2289193	C	T	pyrazinamide (PZA)
2289200	G	T	pyrazinamide (PZA)
2289201	C	T	pyrazinamide (PZA)
2289202	A	G	pyrazinamide (PZA)
2289203	G	C	pyrazinamide (PZA)
2289204	A	G	pyrazinamide (PZA)
2289206	G	C	pyrazinamide (PZA)
2289207	T	G	pyrazinamide (PZA)
2289208	C	T	pyrazinamide (PZA)
2289213	T	C	pyrazinamide (PZA)
2289213	T	G	pyrazinamide (PZA)
2289214	G	T	pyrazinamide (PZA)
2289216	A	G	pyrazinamide (PZA)
2289216	A	C	pyrazinamide (PZA)
2289218	G	T	pyrazinamide (PZA)
2289219	T	G	pyrazinamide (PZA)
2289219	T	C	pyrazinamide (PZA)
2289220	C	T	pyrazinamide (PZA)
2289222	A	T	pyrazinamide (PZA)
2289222	A	C	pyrazinamide (PZA)
2289223	C	A	pyrazinamide (PZA)
2289225	A	G	pyrazinamide (PZA)
2289231	A	G	pyrazinamide (PZA)
2289231	A	C	pyrazinamide (PZA)
2289234	G	T	pyrazinamide (PZA)
2289235	C	G	pyrazinamide (PZA)
2289239	C	A	pyrazinamide (PZA)
2289239	C	T	pyrazinamide (PZA)
2289240	A	T	pyrazinamide (PZA)
2289240	A	G	pyrazinamide (PZA)
2289248	A	G	pyrazinamide (PZA)
2289248	A	C	pyrazinamide (PZA)
2289252	T	C	pyrazinamide (PZA)
2289252	T	G	pyrazinamide (PZA)
2289252	T	A	pyrazinamide (PZA)
2715342	C	T	kanamycin (KAN)
2715346	G	A	kanamycin (KAN)
2726136	C	T	isoniazid (INH)
2726145	G	A	isoniazid (INH)
3073808	G	C	para-aminosalicylic acid (PAS)
4241078	A	G	ethambutol (EMB)
4243221	C	T	ethambutol (EMB)
4243225	C	A	ethambutol (EMB)
4243242	G	A	ethambutol (EMB)
4243245	G	A	ethambutol (EMB)
4243833	G	A	ethambutol (EMB)
4244193	G	A	ethambutol (EMB)
4244281	G	A	ethambutol (EMB)
4244617	C	T	ethambutol (EMB)
4245730	A	C	ethambutol (EMB)
4246734	T	G	ethambutol (EMB)
4247402	T	G	ethambutol (EMB)
4247429	A	G	ethambutol (EMB)
4247429	A	C	ethambutol (EMB)
4247430	T	C	ethambutol (EMB)
4247431	G	A	ethambutol (EMB)
4247431	G	C	ethambutol (EMB)
4247431	G	T	ethambutol (EMB)
4247469	A	C	ethambutol (EMB)
4247495	G	T	ethambutol (EMB)
4247496	A	G	ethambutol (EMB)
4247507	T	C	ethambutol (EMB)
4247513	T	C	ethambutol (EMB)
4247573	G	A	ethambutol (EMB)
4247717	C	G	ethambutol (EMB)
4247723	C	T	ethambutol (EMB)
4247729	G	A	ethambutol (EMB)
4247729	G	T	ethambutol (EMB)
4247730	G	C	ethambutol (EMB)
4247730	G	A	ethambutol (EMB)
4247863	C	G	ethambutol (EMB)
4247873	G	A	ethambutol (EMB)
4248002	C	A	ethambutol (EMB)
4248003	A	G	ethambutol (EMB)
4248747	G	A	ethambutol (EMB)
4249518	A	G	ethambutol (EMB)
4326087	G	T	ethionamide (ETH)
4326236	C	T	ethionamide (ETH)
4326300	T	C	ethionamide (ETH)
4326320	C	T	ethionamide (ETH)
4326333	C	G	ethionamide (ETH)
4326449	G	T	ethionamide (ETH)
4326461	A	C	ethionamide (ETH)
4326738	G	A	ethionamide (ETH)
4326807	C	T	ethionamide (ETH)
4326917	G	T	ethionamide (ETH)
4327224	A	C	ethionamide (ETH)
4327301	T	G	ethionamide (ETH)
4327307	T	G	ethionamide (ETH)
4327322	G	A	ethionamide (ETH)
4327346	C	T	ethionamide (ETH)
4327347	C	A	ethionamide (ETH)
4407604	G	T	streptomycin (SM)
4407790	G	A	streptomycin (SM)
4407824	G	A	streptomycin (SM)
4407931	A	G	streptomycin (SM)
4407940	A	G	streptomycin (SM)
4407992	C	T	streptomycin (SM)
4408009	A	C	streptomycin (SM)
4408102	C	G	streptomycin (SM)
